/*
Navicat MySQL Data Transfer

Source Server         : 123
Source Server Version : 50536
Source Host           : localhost:3306
Source Database       : citrusmonitor

Target Server Type    : MYSQL
Target Server Version : 50536
File Encoding         : 65001

Date: 2018-07-14 19:49:58
*/

SET FOREIGN_KEY_CHECKS=0;

-- ----------------------------
-- Table structure for `dictionary`
-- ----------------------------
DROP TABLE IF EXISTS `dictionary`;
CREATE TABLE `dictionary` (
  `id` varchar(45) NOT NULL COMMENT '导航栏编号',
  `name` varchar(45) DEFAULT NULL COMMENT '栏目名称',
  `pid` varchar(45) DEFAULT NULL COMMENT '上一级导航栏编号',
  `remark` varchar(255) DEFAULT NULL COMMENT '备注',
  PRIMARY KEY (`id`)
) ENGINE=InnoDB DEFAULT CHARSET=utf8;

-- ----------------------------
-- Records of dictionary
-- ----------------------------
INSERT INTO `dictionary` VALUES ('1000', '导航栏', '0', 'navigation');
INSERT INTO `dictionary` VALUES ('1001', '新闻管理', '1000', '0');
INSERT INTO `dictionary` VALUES ('1002', 'Q&A管理', '1000', '0');
INSERT INTO `dictionary` VALUES ('1003', '疫情信息管理', '1000', '0');
INSERT INTO `dictionary` VALUES ('1004', '人员管理', '1000', '0');
INSERT INTO `dictionary` VALUES ('1005', '字典管理', '1000', '0');
INSERT INTO `dictionary` VALUES ('1011', '种植技术', '1001', '1000');
INSERT INTO `dictionary` VALUES ('1012', '施肥技术', '1001', '1000');
INSERT INTO `dictionary` VALUES ('1013', '施药技术', '1001', '1000');
INSERT INTO `dictionary` VALUES ('1014', '病虫害治', '1001', '1000');
INSERT INTO `dictionary` VALUES ('1015', '政策法规', '1001', '1000');
INSERT INTO `dictionary` VALUES ('1031', '预警信息', '1003', '1000');
INSERT INTO `dictionary` VALUES ('1032', '疫情上报', '1003', '1000');
INSERT INTO `dictionary` VALUES ('1041', '人员管理', '1004', '1000');
INSERT INTO `dictionary` VALUES ('1042', '角色管理', '1004', '1000');
INSERT INTO `dictionary` VALUES ('1043', '权限管理', '1001', '1000');

-- ----------------------------
-- Table structure for `epidemic`
-- ----------------------------
DROP TABLE IF EXISTS `epidemic`;
CREATE TABLE `epidemic` (
  `id` varchar(45) NOT NULL COMMENT '主键id',
  `date` timestamp NULL DEFAULT NULL COMMENT '时间',
  `temperature` float DEFAULT NULL COMMENT '平均温度',
  `adult_sum` int(11) DEFAULT NULL COMMENT '成虫数量',
  `larva_sum` int(11) DEFAULT NULL COMMENT '幼虫数量',
  `egg_sum` int(11) DEFAULT NULL COMMENT '卵数量',
  `detail` varchar(1000) DEFAULT NULL COMMENT '详情',
  `id_publisher` varchar(45) DEFAULT NULL COMMENT '上报人id',
  `remark` varchar(200) DEFAULT NULL COMMENT '备注',
  PRIMARY KEY (`id`),
  KEY `fk_epi_id_publisher_dic_id` (`id_publisher`),
  CONSTRAINT `fk_epi_id_publisher_dic_id` FOREIGN KEY (`id_publisher`) REFERENCES `user` (`id`)
) ENGINE=InnoDB DEFAULT CHARSET=utf8;

-- ----------------------------
-- Records of epidemic
-- ----------------------------

-- ----------------------------
-- Table structure for `news`
-- ----------------------------
DROP TABLE IF EXISTS `news`;
CREATE TABLE `news` (
  `id` varchar(45) NOT NULL COMMENT '每条新闻的主id',
  `id_type` varchar(45) DEFAULT NULL COMMENT '新闻种类id',
  `topic` varchar(45) DEFAULT NULL COMMENT '新闻内容的标题',
  `content` varchar(1000) DEFAULT NULL COMMENT '话题内容',
  `img_src` varchar(100) DEFAULT NULL COMMENT '话题内容图片',
  `date` timestamp NULL DEFAULT NULL COMMENT '内容发布时间',
  `id_publisher` varchar(45) DEFAULT NULL COMMENT '发布人id',
  `remark` varchar(200) DEFAULT NULL COMMENT '备注',
  `title` varchar(1000) DEFAULT NULL COMMENT 'topic为left_tittle,tittle为right_tittle',
  PRIMARY KEY (`id`),
  KEY `fk_news_id_type_dic_id` (`id_type`),
  KEY `fk_news_id_publisher_dic_id` (`id_publisher`),
  CONSTRAINT `news_ibfk_1` FOREIGN KEY (`id_publisher`) REFERENCES `user` (`id`),
  CONSTRAINT `news_ibfk_2` FOREIGN KEY (`id_type`) REFERENCES `dictionary` (`id`)
) ENGINE=InnoDB DEFAULT CHARSET=utf8;

-- ----------------------------
-- Records of news
-- ----------------------------
INSERT INTO `news` VALUES ('1', '1011', '一品红', '在生产上必需选择符合生长发育需要的气候条件发展柑桔生产。2、柑桔对土壤条件有什么要求?土壤是柑桔耐以生长发育的基础，柑桔生长发育所需要的矿物质营养元素和水分都是靠根系从土壤中摄取，因此土壤条件的好坏直接关系到柑桔树体的生长发育状况，开花结果和果实品质的优劣。只有在土层深厚、质地疏松、地下水位低、保水排水性能良好、酸碱度适中、含有机质、矿物质元素平衡的土壤，才能保证柑桔生长发育良好。种植柑桔的土壤因符合以下基本条件。(1)土层深厚柑桔根系发达，根系密集层在40～60厘米左右深处，主根可深达l米，因此，要求土层深度不低于1米。在土层浅薄的丘岗山地种植柑桔，必须通过开沟改土，加深土层。(2)土质疏松柑桔对土壤的适应范围较广，在各种土壤上都能生长，但其最适宜的土壤是沙壤土和壤土。沙质土和粘重的土壤需要改良成壤土或沙壤土，增强土壤的通透性能。(3)适宜的土壤酸、碱度柑桔对土壤的酸、碱度适应范围较宽，但以ph值5．5～6．5的土壤最适宜。(4)富含土壤有机质土壤有机质含量的高低是衡量土壤肥沃程度的重要指标。要使柑桔生长发育良好。高产、稳产，土壤有机质含量需在2％～3％以上。增施有机肥料能有效地提高土壤有机质的含量水平。(5)矿物质元素含量丰富柑桔的正常生长与开花结果要求土壤有丰富的矿物质营养，缺素的土壤不利于柑桔的生长发育，需要增施有机质、改良土壤、调整土壤酸、碱度，提高土壤矿物质营养水平和有效性。3、新建桔园应选择什么样的园地最好?最适宜种植柑桔的地方是植被茂盛，坡度平缓，土层深厚，水源充足，透气性良好的低丘陵红壤地区，和沿河、沿湖的沙洲地带。沙洲地带水源充足，土层深厚、土壤疏松、肥沃，通气良好，柑桔容易早结果、早丰产。山地种植柑桔宜选择山腰植被厚的缓坡地带。在有冻害的地区，应注意选择良好的小气候条件和背风、向阳的南坡。平地应选择避风，忌低畦积水、冷空气易沉积的地方。在附近有水库、湖泊、河流等的地方建桔园，不仅能解决灌溉问题，而且有大水体对温度的调节作用，冬季能减轻冻害的发生。大规模建桔园时，还应考虑选择交通便利的地方。', '/citrusmonitor/img/news/z3.jpg', '2018-06-18 22:04:39', '1', null, null);
INSERT INTO `news` VALUES ('10', '1013', '静电施药技术', '静电施药技术是利用高压静电在喷头与靶标间建立静电场，农药液体流经喷头雾化后，通过不同的方式(电晕充电、感应充电、接触充电)充上电荷，形成群体荷电雾滴，然后在静电场力和其它外力作用下，雾滴作定向运动而吸附在靶标的各个部位上的一种施药技术。静电施药技术作为一种新型的喷雾技术，较常规喷雾有以下几方面特点：</br>\r\n\r\n　　1.静电施药技术具有包抄效应、尖端效应、穿透效应，对靶标植物覆盖均匀，沉积量高。在电场力的作用下，雾滴快速吸附到植物的正、反面，改善了农药沉积的均匀性。经研究，农药在植物表面上的沉积量比常规喷雾提高36%以上，叶子背面农药沉积量是常规喷雾的几十倍，植物顶部、中部和底部农药沉积量分布均匀性都有显著提高。</br>\r\n\r\n　　2.提高农药的利用率，减少农药的使用量，降低防治成本。静电施药技术产生的雾滴符合生物最佳粒径理论，易于被靶标捕获，显著增加了雾滴与病虫害接触的机会，能够有效提高病虫害防治效果。</br>\r\n\r\n　　3.对水源、环境影响小，降低了农药对环境的污染。静电施药技术施药量少，且电场力的吸附作用减少了农药的飘移，使农药利用率提高，避免了农药流失，降低了农药对环境的污染。</br>\r\n\r\n　　4.静电喷雾持效期长。带电雾滴在作物上吸附能力强，而且全面均匀，农药在叶片上黏附牢靠，耐雨水冲刷，药效长久。</br>\r\n\r\n　　目前，静电施药技术已经应用到大田、设施、果树作物的病虫害防治中，该技术沉积性能好、飘移损失小、雾群分布均匀，尤其是在植物叶片背面也能附着雾滴等优点，使得静电施药技术具有较好的应用前景。</br>\r\n', '/citrusmonitor/img/news/sd.jpg', '2018-06-18 22:32:46', '1', '10', null);
INSERT INTO `news` VALUES ('11', '1013', '风送施药技术', '风送施药技术是利用从风机吹出来的高速气流将喷头喷出的雾滴进行二次雾化，形成细小、均匀的雾滴，雾滴在强大的气流带动下作用于靶标作物的一种精准施药技术。具有以下几个突出的特点：</br>\r\n\r\n　　有效提高农药附着率，减少农药使用量，提高防效。在气流的作用下，作物叶片发生翻动，雾滴的穿透能力得到加强，雾滴可以深入作物内部、外围、叶背、叶面等部位，对于稠密作物中、下部的病虫害有很好的防效。</br>\r\n\r\n　　有利于促进低量喷雾技术的推广应用。以气流作为载体将雾滴吹向靶标作物，减少了细小雾滴的飘移，为实现低量喷雾提供了保障。</br>\r\n\r\n　　对喷雾环境要求低，时效性好。在一定的自然风速下能进行可靠的喷雾作业，可有效防止自然风的干扰，减少雾滴飘移对环境的污染。</br>\r\n\r\n　　作业效率和自动化程度高。风送施药技术被国际公认为是一种仅次于航空喷雾的高效地面施药技术，同时又是一种自动化程度高、防治效果好、环境污染少的先进施药技术，在农林病虫害防治、温室病虫害防治、草原植保、卫生防疫等方面都有重要的应用前景。</br>\r\n', '/citrusmonitor/img/news/sf.jpg', '2018-06-18 22:33:38', '1', null, null);
INSERT INTO `news` VALUES ('12', '1013', '注意喷雾质量', '其实作物在进行药剂喷施时，作物叶片表面能够附着的农药雾滴是有限度的，当喷洒量超过一定限度时，叶片上的细小雾滴会凝聚成大雾滴而滚落、流失，反而使叶片上附着的农药量降低。\r\n　　喷雾法一般要求喷雾的雾滴分布均匀，覆盖率高，以湿润植株表面不流滴为宜，这样就要求使用的喷雾器雾化效果好，减少药液的浪费。同时要注意喷药全面，尤其一些害虫喜欢在叶背的产卵为害，喷施药剂时要尤为注意。\r\n', '/citrusmonitor/img/news/pw.jpg', '2018-07-14 16:03:16', '1', null, null);
INSERT INTO `news` VALUES ('13', '1013', '合理喷药防中毒', '最后还要提醒农民朋友：夏季炎热，皮肤新陈代谢加快，打农药之前一定要做好防护措施，务必戴好防毒面具，穿好长衣长裤，防止农药通过呼吸和皮肤渗透中毒。', '/citrusmonitor/img/news/py.jpg', '2018-07-14 16:05:22', '1', null, null);
INSERT INTO `news` VALUES ('14', '1013', '柑橘介壳虫用药防治方法', '柑橘介壳虫是柑橘生产的主要害虫之一，它种类多、繁殖快，世代重叠危害性大。遍布于全国各柑橘产区，尤以吹绵介、红蜡介、糠片介、黑点介、褐圆介、矢尖介、堆蜡粉介危害最严重。又因其体被有蜡质，采用单纯的化学农药防治，收效不太理想，而且会导致介壳虫抗药性增强、天敌数量减少，污染果品和环境，因此，应采用综合防治。春梢抽生、开花期是柑橘介壳虫的盛发期，抓好全年以第一代幼介盛孵高峰期至第一代雌成介产卵前为最佳防治适期。当春梢伸长到1-2mm时，要及时用化学农药喷施防治1次。4月中旬在柑橘园种植一些作物如紫苏、大豆、霍香蓟等，可转移介壳虫对柑橘的危害，并为害虫天敌提供食料、栖息及繁殖场所，可明显减轻介壳虫的危害。', '/citrusmonitor/img/news/z2.jpg', '2018-07-14 16:08:41', '1', null, null);
INSERT INTO `news` VALUES ('2', '1011', '一品红', '新建桔园为什么要强调高标准建园?其标准是什么?高标准建园是柑桔早结果、高产、优质、高效的关键。特别是在当前市场经济的前提下，高标准建园更是生产优质商品果的重要基础。如果建园质量不高，不仅栽植成活率低，即使能栽活，柑桔树生长慢、结果迟、产量低、品质欠佳，甚至形成?小老树‖，多年收不到效益。以后即使采取补救措施，也难以达到高标准果园的水平，或者要付出更高的代价方能凑效。高标准建园必须做到：①因地制宜地选择园地，高标准规划果园。丘陵山地建园必须修筑等高水平梯田，并开沟、撩壕、改良土壤；②搞好水利设施的配套建设。灌溉条件未具备不栽树；③定植前挖好1米见方的定植穴，并施足有机质底肥；④把好苗木质量关。选用优质无病毒良种壮苗、健苗定植，提倡用营养钵苗；⑤把好定植质量关。定植必须严格操作技术，栽植深度要适宜，栽后及时浇足定根水，以提高成活率。', '/citrusmonitor/img/news/z2.jpg', '2018-06-18 22:07:05', '1', null, null);
INSERT INTO `news` VALUES ('20', '1015', ' 2018年柑橘补助、政策有变化！', '&nbsp;&nbsp;广东省农业厅官网发布了一则“关于印发《广东省柑橘黄龙病防控补助实施方案》的通知”。</br>\r\n　　通知指出，中央安排的柑橘黄龙病防控补助资金，已通过广东省财政厅《关于下达2017年中央农业生产救灾资金及特大防汛抗旱补助资金（农业生产救灾）第三批的通知》（粤财农〔2017〕370号）下达各县（市、区）。</br>\r\n　　为贯彻落实农业部种植业管理司《柑橘黄龙病防控补助实施方案》的要求，推动柑橘黄龙病防控补助项目顺利实施，广东省农业厅制定了《广东省柑橘黄龙病防控补助实施方案》（下称“《方案》”）。此后，各地相关单位将按《方案》要求，组织制定具体实施方案。</br>第一条   适用范围</br>\r\n本规范适用于重庆市标准化柑橘果园建设。</br>&nbsp;&nbsp;&nbsp;&nbsp;&nbsp;&nbsp;\r\n第二条   果园选址</br>&nbsp;&nbsp;&nbsp;&nbsp;&nbsp;&nbsp;\r\n一、立地条件：坡度原则上控制在25°以内；海拔高度控制在400米以下，个别小区条件适宜的可放宽到500米以下；早晚熟品种不得规划在海拔400米以上地区。</br>&nbsp;&nbsp;&nbsp;&nbsp;&nbsp;&nbsp;\r\n土壤、空气、灌溉水源等产地环境条件符合NY5016—2001《无公害食品柑橘产地环境条件》的要求，园址及周边无柑橘检疫性有害生物。</br>&nbsp;&nbsp;&nbsp;&nbsp;&nbsp;&nbsp;\r\n二、土壤类型：紫色土、冲积土、黄壤、水稻土，PH值5.5~6.5为宜。土壤层厚度达0.8米以上，质地疏松，通透性好，有机质含量高，排水良好。</br>&nbsp;&nbsp;&nbsp;&nbsp;&nbsp;&nbsp;\r\n三、水源:水源条件好，伏旱期间灌溉保障水源大于10立方米/亩。</br>', null, null, '1', null, null);
INSERT INTO `news` VALUES ('21', '1015', ' 农业部紧急制定蔬菜柑橘生产指导意见！', '&nbsp; &nbsp; &nbsp; &nbsp;近期，一场超强寒潮伴随着大风、雨雪和强降温正自北向南侵袭我国中东部地区，大部分地区的降温强度为30多年不遇。为减轻气象灾害对农业生产的影响，农业部日前紧急制定了强降温雨雪天气蔬菜和柑橘的技术指导意见，要求蔬菜主产区的各级农业主管部门和农技推广机构紧急行动起来，全力动员和指导广大菜农因地制宜地做好科学抗灾减灾工作，柑橘主产区应引起重视，做好防寒防冻准备以减少损失。</br>\r\n&nbsp; &nbsp; &nbsp; &nbsp;针对设施蔬菜管理，指导意见要求各地严防大风雨雪灾害，在骨架较弱的棚室内适当增加支柱，密闭棚室，压紧棚膜，固定好外保温覆盖物，严防风灾，及时清除棚室上的积雪，疏通棚室区的排水沟渠；加强蓄热保温措施，白天适当增温蓄热，增加外保温覆盖，加强内保温措施；采取应急补温措施；增强植株抗逆能力，喷施叶面营养，严格控制灌水，果菜及时采收。</br>\r\n&nbsp; &nbsp; &nbsp; &nbsp;针对露地蔬菜管理，长江流域要在寒潮来袭临前，及时采收上市，在田蔬菜要清沟理墒，防止田间积水。寒潮期间尽量争取多上市，寒潮过后要千方百计加强遮阳覆盖，延缓冻融过程，防止蔬菜冻伤失去商品性。华南西南热区要积极覆盖防寒，营造栅栏避风防寒，撒灰蓄热防寒，培土护根防寒。</br>\r\n&nbsp; &nbsp; &nbsp; &nbsp;为应对强降温雨雪天气，柑橘生产要做到干旱果园冻前灌水，枝干加固和敲冰摇雪，地面覆盖，树体保护，包括幼树包裹保护、塑料薄膜覆盖、枝干包扎、树干培土、喷布蒸腾抑制剂，熏烟防霜，挂果橘园需尽快采收或覆盖薄膜保护，已经成熟还没有采收的果实要在低温到来之前尽快采收，来不及采收的已成熟果实，或果实未成熟的晚熟品种，对树冠直接覆盖白色透明薄膜。</br>\r\n', null, null, '1', null, null);
INSERT INTO `news` VALUES ('3', '1011', '一品红', '大面积建柑橘园时怎样进行园地的规划？怎样划分小区和设置道路？为了便于管理，大面积建柑桔园，必须高标准严要求，认真作好果园规划。规划内容包括：小区划分、道路设置、排灌设施和防风林设置、水土保持工程和果园建筑物布局等。小区划分应有利于果园耕作管理和山地水土保持为原则。小区的形状、大小要与地形、土壤和小气候特点相适应，并要与道路、水利系统、梯田布局等结合起来。在自然环境基本一致的情况下，不必划分小区。但面积较大，地形变化较大的地方，应按照地形、土壤等具体情况进行合理的区划：小区以长方形为宜，面积30～50亩为一区较适宜，小区长宽比2：1或5：1。平地小区长边应取南北向，与果树行向一致。这样植株之间彼此荫蔽少。坡地桔园可以每几个梯级划分为一个小区，长边必须与等高线平行，这样便于耕作和排灌，且与自然环境相适应。小区面积不宜过大、过小，过大，不便于管理，过小，机械耕作效率低。道路设置以合理利用土地，便于果园管理和交通运输为原则，同时应与小区划分相配合。小型桔园，可设置一、二条道路，居中为一条主道，路宽5～6米，区间设小道与主道相连。大面积桔园必须经过调查和测量，设置主道、支道和步行道。主道是全园的交通干线，能通行大型机动车辆、并能通往每个小区和山头。一般宽6～8米，同时要与附近交通要道相通。主道最好沿山脚或山脊。坡面过长时，应在半山腰加设一条环山道。陡坡山地道路应环山弯曲而上，成?之‖字形，以利于行车和防止水土流失。支道设在小区的四周，一般宽3～5米。此外，还要根据地形变化，方便管理，合理配置若干步行道。步行道宽1．5～2米。步行道连支道，支道连主道，构成纵横交错的交通道路网络。', '/citrusmonitor/img/news/z1.jpg', '2018-06-18 22:16:45', '1', null, null);
INSERT INTO `news` VALUES ('31', '1012', null, null, '/citrusmonitor/img/news/z3.jpg', null, null, null, null);
INSERT INTO `news` VALUES ('32', '1012', '国际农业重量级专家的亲土种植中国行', '近日，在欧洲、北美从事肥料研究40余年的凯文·莫兰博士（Dr. Kevin Moran）开启了2018年的亲土种植中国行，在江苏及广西两地走访种植户，观摩诺泰尔亲土种植示范田，同时带来源自挪威的诺泰尔技术和种植解决方案。这在春耕春播大忙季节可谓恰逢其时，凯文·莫兰博士受到当地农户们的热烈欢迎。据了解，此次开启亲土种植中国行的凯文·莫兰博士，是自3月26日“亲土种植 富养天下——守护亿亩良田，践行乡村振兴”大型公益行动启动以来，首位开展田间技术指导的国际“大咖”级重要专家。</br>作为诺泰尔的首席科学家，凯文·莫兰博士的2018年首次亲土种植中国行，是挪威先进的肥料技术、产品与中国农户的一次亲密接触。\r\n\r\n</br>4月16日，在北京召开的国际肥料会议结束后的第一时间，凯文•莫兰博士便匆匆赶到江苏徐州，考察远近闻名的黄瓜种植产区张集镇二陈村。当地农户陈永兴奋地告诉凯文•莫兰博士，“用了诺泰尔的土地更肥沃，作物吸收好、不缺素、长势均匀，果子长得好。到现在为止，别人家的棚卖了才1万多（元钱），我家的已经超过3万了！”农户刘计泉的喜讯同样让凯文•莫兰振奋，“2月中旬采摘，到现在卖了35000元，不仅产量高，而且黄瓜卖相和口感好，1斤能多卖3毛钱！”\r\n', '/citrusmonitor/img/news/z3.jpg', '2018-07-14 18:06:14', '1', null, null);
INSERT INTO `news` VALUES ('33', '1012', null, '南方土壤普遍偏酸，尤其是水改田，而且耕作层比较浅，因此必须保证有足够的有机质才能改良土壤。但光有有机质还不够，还需要能分解有机质的生物菌，为保证柑橘养分均衡，适量的复合肥、中微量元素肥也是必不可少的。</br>\r\n1、有机肥\r\n有机肥种类较多，有堆肥、沤肥、厩肥、沼气肥、绿肥、作物秸秆、天然矿物质肥、饼肥和泥肥。一定要注意施用的有机肥是否腐熟，否则会引起烧根、滋生病虫害、土壤酸化等危害。</br>\r\n2、生物菌肥\r\n果树并不能直接吸收利用有机质，而是需要经过微生物菌的分解后，才可以转化为果树可以吸收的营养物质，但大部分的有机肥不含生物菌剂或者所含的生物菌种类少，改土效果、分解能力较弱，所以生物菌肥不能少。</br>\r\n3、复合肥和中微量元素肥\r\n复合肥在柑橘上的施用很普遍，这里就不多说了，主要来说一下中微量元素。中微量元素，从名称就知道，柑橘需要的量是很少的，用量过多就有可能造成中微量元素过剩，甚至中毒引发肥害。因此在施用中要特别注意，要做到均衡营养，因地制宜。</br>\r\n另外，土壤类型不同，所含营养元素比例是有差别的。例如红壤、黄壤、紫色土等类型土壤，钙、镁、硼、锌缺乏较为普遍，石灰性土壤锌、铁、锰缺乏严重。</br>\r\n总之，中微量元素的施用要根据土壤情况来；化肥和中微量元素肥施用不宜过量，浓度过大易造成冬季落叶。</br>\r\n', null, '2018-07-14 19:02:10', '1', null, '冬肥的种类');
INSERT INTO `news` VALUES ('34', '1012', null, '1、在采果后结合清园立刻给予叶面肥补充树体营养，恢复树势，再开沟施冬肥。</br>\r\n2、每次开沟或开穴的位置要注意变换，要保证开沟深度，以利于柑橘根系发展。</br>\r\n3、 施肥顺序是先施用有机肥、生物菌肥，后施复合肥、中微量元素肥，以免伤害柑橘根系。</br>\r\n4、 施肥后在冰冻来临之前可进行两次根外追肥。</br>\r\n', null, '2018-07-14 20:01:41', '1', null, '其它注意事项');
INSERT INTO `news` VALUES ('35', '1012', null, '冬肥一般在果实采收前后施下。具体的施肥时间可根据树势情况而定。</br>\r\n① 树势中庸的挂果树：可在采后施用冬肥，以防出现因采前下肥不当，引起的转色失控或伤害柑橘根系等问题。</br>\r\n② 挂果量大，树势较弱树：要及时补充树体营养，以免影响来年产量。可在采收前一周，施用少量复合肥，并赶在休眠期前下冬肥为宜。</br>\r\n③ 对于留树保鲜的树：要在12月中旬对果树进行有机液肥的淋施，以补充果实长时间挂在树上所消耗的养分，以利树势恢复。</br>\r\n④ 明年挂果的幼树：在最后一次梢老熟后就可埋施冬肥，通过断根控梢促花，减少出冬梢的可能性。</br>\r\n⑤ 明年不挂果的幼树：有机肥的投放时间就比较宽松，幼树可以下一次比较重的速效肥料刺激长梢，然后在温度下降后把未老熟的梢短截，这样的做法可以最大程度的扩大树冠，还能明显减少来年的去蕾工作量。</br>\r\n', null, '2018-07-14 19:02:14', '1', null, '施冬肥的最佳时间');
INSERT INTO `news` VALUES ('4', '1012', '怎样施肥才科学？这里告诉你答案', '作为亲土种植百千亿行动中开展田间技术指导的首位国际“大咖”级重要专家，凯文·莫兰博士看到农户们使用诺泰尔产品很欣喜，一方面是因为农户用了由他参与研发的源于挪威技术的诺泰尔肥料产品，另一方面也意味着亲土种植的理念被农户接受，农户们已经开始意识到亲土种植的重要性，而诺泰尔全球领先的智能酸碱平衡技术可以提供很好的帮助。</br>\r\n\r\n而随着百千亿行动的不断落地推进，中国农业也将迎来一个发展高峰期。据悉，亲土种植百千亿行动作为“亲土种植 富养天下——守护亿亩良田、践行乡村振兴”大型公益行动的落地组成部分，如今正在全国上千个重点县，通过示范田建设、服务站打造、田间技术培训、科技带头人表彰、公益基金设立等举措，推广亲土种植产品、技术及服务。</br>\r\n在此次走访中，凯文·莫兰博士还对种植户提出的土壤酸化、肥力越来越差、病虫害多发等问题进行了一一解答，在田间地头为农民技术指导。</br>\r\n从凯文·莫兰博士考察的江苏和广西等地经验看来，源自挪威的诺泰尔为当地定制的全程营养解决方案，非常适合当地“土情”，诺泰尔独有的酸碱平衡技术还可以有效调节土壤的酸碱，改善养分吸收环境，帮助农民提质增收。</br>\r\n作为诺泰尔2014年在中国问世时的首批代理商，张集镇农资经销商陈根柱认为，“诺泰尔肥料引进了挪威氮磷协同增效技术，同时还能自动调节酸碱，因此不仅大棚土壤酸化得到改善，而且肥料用量也能减下去。”</br>\r\n', '/citrusmonitor/img/news/s1.jpg', '2018-06-18 22:21:30', '1', null, null);
INSERT INTO `news` VALUES ('41', '1014', '驻心虫', '1、每年5-6月中下旬一般为上述害虫的产卵与孵化盛期，也是防治的最佳时期。在此时期，要经常巡视果园，检查树干的裂缝伤口处、树皮凹陷部位及近地面树头，及时挖除卵块及初孵幼虫。</br>2、3月底至4月初果树花蕾期，可用辛硫磷喷杀部分越冬虫化蛹。</br>\r\n3、如果检查发现树干或大枝出现蛀孔伤口与木糠，可用细铁线沿蛀孔刺入刺杀幼虫；或用针孔注射敌敌畏或乐果等杀虫药，孔口用粘土封闭，蛀虫可被毒杀。</br>\r\n4、重点还要落在消除虫源上。现在受蛀食已黄化、枯萎的枝梢及时剪除并烧毁，不但直接降低虫口密度，还大大减少明年的虫源。被蛀得比较厉害的果树是聚集虫害最多的根源，果农在年底清园时，应该把一些被蛀得比较厉害的树枝或者树干砍掉，连同地上的枯枝一起烧毁。</br>\r\n5、有条件的果园，平均15亩左右安装一盏黑光灯，利用昆虫的趋光性，可诱杀很多种类的害虫，包括蛀心虫的幼虫与成虫，效果不错。</br>\r\n', '/citrusmonitor/img/news/b4.jpg', '2018-07-14 19:16:55', '1', null, null);
INSERT INTO `news` VALUES ('5', '1012', '', '1、有机肥\r\n有机肥种类较多，有堆肥、沤肥、厩肥、沼气肥、绿肥、作物秸秆、天然矿物质肥、饼肥和泥肥。一定要注意施用的有机肥是否腐熟，否则会引起烧根、滋生病虫害、土壤酸化等危害。\r\n2、生物菌肥\r\n果树并不能直接吸收利用有机质，而是需要经过微生物菌的分解后，才可以转化为果树可以吸收的营养物质，但大部分的有机肥不含生物菌剂或者所含的生物菌种类少，改土效果、分解能力较弱，所以生物菌肥不能少。\r\n3、复合肥和中微量元素肥\r\n复合肥在柑橘上的施用很普遍，这里就不多说了，主要来说一下中微量元素。中微量元素，从名称就知道，柑橘需要的量是很少的，用量过多就有可能造成中微量元素过剩，甚至中毒引发肥害。因此在施用中要特别注意，要做到均衡营养，因地制宜。\r\n另外，土壤类型不同，所含营养元素比例是有差别的。例如红壤、黄壤、紫色土等类型土壤，钙、镁、硼、锌缺乏较为普遍，石灰性土壤锌、铁、锰缺乏严重。\r\n总之，中微量元素的施用要根据土壤情况来；化肥和中微量元素肥施用不宜过量，浓度过大易造成冬季落叶。\r\n', '/citrusmonitor/img/news/s2.jpg', '2018-06-18 22:23:12', '1', null, '冬肥要施好，秘诀都在这了！');
INSERT INTO `news` VALUES ('6', '1014', '红蜘蛛', '又名桔全爪螨，是目前柑桔上普遍发生的害虫之一。它以口针刺破柑桔叶片、嫩枝及果实表面，吸取汁液。叶片受害后，轻则产生许多灰白色小点，严重时全叶呈灰白色，引起落叶，对树势和产量影响较大。 1.主要特征 雌成螨体长0.3?0.4毫米，紫红色，足4对；雄成螨比雌成螨略小，体长约0.3毫米，鲜红色，楔形，腹末尖削；卵，扁球形，直径0.13毫米左右，红色，有光泽；幼螨体长约0.2毫米，淡红色，有足3对，体背着生刚毛16根。若螨的形色似成螨，但体形略小。 2.生活习性 年发生15?20代，无明显越冬现象；20?30℃是该螨发育和繁殖的适宜温度，温度超过35℃就不利于该螨生存。4?6月和9?10月为发生盛期。卵多产在叶背的主脉两侧。冬、春季营养较丰富的品种（柚、脐橙和本地早等）植株发生量相对较大，在桔园分布有“中心虫株”的现象。 3.防治技术 ⑴防治适期和防治指标早春（2月下旬至3月中旬）1?2头/叶，3月下旬至花前3?4头/叶。花后至9月5?6头/叶（7?8月一般不治），10?11月2头/叶。 ⑵春季清园春梢萌芽前可选用0.8?1波美度石硫合剂、松碱合剂8?10倍液、95%机油乳剂80?100倍液或99%绿颖150?200倍全园喷洒一次。 ⑶萌芽至谢花前可选用药剂40%战红乳油2000倍液、0.5%甲氨基阿维菌素5000倍、20%螨四嗪乳油1500倍液、15%哒螨酮乳油1500倍液等。 ⑷其它季节除萌芽至谢花前可选用药剂之外，还可选用73%锐螨净乳油2000-300倍液、1.8%虫螨克星乳油4000倍液、50%克螨特乳油2000?3000倍液（在幼果期30℃以上不宜使用，脐橙果实易产生花斑）等。 ⑸保护天敌合理用药，实施保健栽培，保护和利用食螨瓢虫、捕食螨、食螨蓟马、草蛉、虫生藻菌、芽枝菌和病毒等天敌。', '/citrusmonitor/img/news/b1.jpg', '2018-06-18 22:26:22', '1', null, null);
INSERT INTO `news` VALUES ('7', '1014', '锈壁虱', '又名桔锈螨，为害后的果称铜病果，呈紫红色或黑褐色；受害叶片的反面常能见到许多紫褐色网状斑。 1.主要特征 成螨体长0.1?0.2毫米，呈胡萝卜形。刚孵化的幼虫淡黄色，后变橙黄色。卵圆球形，灰白色，透明而有光泽。若螨的形色似成螨，但体形小，一龄时灰白色，二龄时淡黄色。 2.生活习性 每年发生20代左右，年积温高的地方发生代数较多。一般以成螨在腋芽、卷叶及越冬果实的萼片下越冬。25?32℃是该螨发育和繁殖的适宜温度，故夏、秋季是其繁殖高峰季节。雌螨为孤雌生殖，卵多散产在叶片背面及果实下凹处。大风大雨不利于该螨生存。波尔多液药剂有刺激其生殖和发育的作用。在桔园分布有“中心虫株”的现象。 3.防治技术 ⑴防治适期5月中旬至10月。 ⑵防治指标5月下旬至6月，叶片或果实上在10倍放大镜下1?2头/视野，或者当年春梢叶背初现被害状；7?10月，叶片或果实上在10倍放大镜下3头/视野，或者1块果园中发现1个果出现被害状；或者5%叶或果有锈螨。 ⑶春季清园同红蜘蛛。 ⑷药剂防治同红蜘蛛，但5%噻螨酮乳油可湿性粉剂和10%苯螨特乳油不宜选用。⑸保护天敌保护和利用汤普多毛菌、食螨瓢虫、捕食螨、食螨蓟马和草蛉等天敌。', '/citrusmonitor/img/news/b2.jpg', '2018-06-18 22:28:58', '1', null, null);
INSERT INTO `news` VALUES ('8', '1014', '褐圆蚧', '\r\n褐圆蚧，又名鸢紫褐圆蚧、茶褐圆蚧或黑褐圆蚧。主要吸食叶片和果实的汁液，受害处出现淡黄色斑点。\r\n1.主要特征\r\n雌成虫蚧壳直径为1.5?2.0毫米，呈圆形，紫褐色或暗褐色，成虫杏仁形。雄成虫蚧壳长约1.0毫米，椭圆形，成虫体长约0.75毫米，淡橙黄色，有翅1对，透明。卵长约0.2毫米，椭圆形，淡橙黄色，产于蚧壳下虫体后部。\r\n2.生活习性\r\n年发生3?4代，世代重迭明显；各代幼蚧盛发期：第一代5月中、下旬，第二代7月中旬，第三代8月中旬至9月上旬，第四代（越冬代）10月上旬至11月中旬。\r\n3.防治技术\r\n⑴防治适期春梢萌芽前（约2月中旬至3月上旬）；第1代若虫盛发期（约5月中旬至6月中旬）；第2代若虫盛发期（约7月中旬至8月下旬）；第3代若虫盛发期（8月中旬至9月下旬）。\r\n⑵防治指标5?6月，10%叶片发现有若虫；7?9月，10%果实发现有若虫2头/果。⑶春季清园同红蜘蛛，但0.8?1波美度石硫合剂不在选用之列。\r\n⑷药剂防治可选用40%速扑杀乳油2000-3000倍液、或99%绿颖200-300倍液、或40%杀扑磷乳油或40%蚧哒乳油800?1000倍液、或20%蚧冠乳油1000倍液交替使用喷1?2次。⑸保护天敌保护和利用寄生蜂、捕食瓢虫、日本方头甲和草蛉等天敌。', '/citrusmonitor/img/news/b3.jpg', '2018-06-18 22:31:15', '1', null, null);
INSERT INTO `news` VALUES ('9', '1013', '烟雾施药技术', '烟雾施药技术是指把农药分散成为烟雾状态的各种施药技术的总称。烟雾施药技术非常适合在封闭空间使用，如温室大棚、粮库，也可以在相对封闭的森林里使用。根据作用方式，可将烟雾施药技术分为以下四种类型：</br>\r\n\r\n　　熏烟技术：是一种介于细喷雾法及喷粉法与熏蒸法之间的高效施药方法，通过利用烟剂（烟雾片、烟雾筒等）农药燃烧产生的烟来防治有害生物。</br>\r\n\r\n　　热烟雾技术：是利用内燃机排气管排出的废气热能使农药形成烟雾微粒的施药方式。目前，热烟雾技术的配套机具突破了仅能使用油剂剂型农药的限制，可以适用于除粉剂外的大部分农药剂型。</br>\r\n\r\n　　常温烟雾技术：是利用压缩空气的压力使药液在常温下形成烟雾状威力的农药使用方法。常温烟雾技术对农药剂型没有特殊要求，穿透性能较好。</br>\r\n\r\n　　电热熏蒸技术：是利用电恒温加热原理，使农药升华、汽化成极其微小的粒子，均匀沉积在靶标的各个位置。</br>\r\n\r\n　　烟雾施药技术有很高的功效和防效，但为了防止环境污染，目前，主要适用于温室大棚、大型封闭空间、果园、森林等场合。</br>\r\n', '/citrusmonitor/img/news/sy.jpg', '2018-06-18 22:32:08', '1', null, null);

-- ----------------------------
-- Table structure for `q_a`
-- ----------------------------
DROP TABLE IF EXISTS `q_a`;
CREATE TABLE `q_a` (
  `id` varchar(45) NOT NULL COMMENT 'QA表id',
  `name` varchar(36) DEFAULT NULL COMMENT '提问者姓名',
  `phone` varchar(36) DEFAULT NULL COMMENT '手机号码',
  `theme` varchar(50) DEFAULT NULL COMMENT '问题的主题或纲要',
  `q_details` varchar(200) DEFAULT NULL COMMENT '具体描述',
  `remark` varchar(200) DEFAULT NULL COMMENT '备注',
  `q_filename` varchar(200) DEFAULT NULL COMMENT '问者文件名称',
  `q_filepath` varchar(200) DEFAULT NULL COMMENT '提问附件存储路径',
  `q_date` varchar(20) DEFAULT NULL COMMENT '提问日期',
  `id_responser` varchar(45) DEFAULT NULL COMMENT '答者',
  `reply_content` varchar(1000) DEFAULT NULL COMMENT '回复内容',
  `a_filename` varchar(200) DEFAULT NULL COMMENT '答者文件名称',
  `a_filepath` varchar(200) DEFAULT NULL COMMENT '回复附件存储路径',
  `a_date` varchar(20) DEFAULT NULL COMMENT '回答时间',
  `status` varchar(20) DEFAULT '0' COMMENT '状态(0:未回复，1:已回复)',
  PRIMARY KEY (`id`),
  KEY `fk_q_a_id_responser_dic_id` (`id_responser`),
  CONSTRAINT `fk_q_a_id_responser_dic_id` FOREIGN KEY (`id_responser`) REFERENCES `user` (`id`)
) ENGINE=InnoDB DEFAULT CHARSET=utf8;

-- ----------------------------
-- Records of q_a
-- ----------------------------
INSERT INTO `q_a` VALUES ('1', null, null, 'abcdefg', 'haaaaahhhhhhhhhh', 'llllllllll', null, null, null, null, 'aaaaaaaa', null, null, null, null);
INSERT INTO `q_a` VALUES ('2', null, null, 'asd', 'iiiiiii', null, null, null, null, null, null, null, null, null, null);
INSERT INTO `q_a` VALUES ('2A6E46DAFC35432BAC51C61F830D0E82', 'fsdf', null, null, 'fsdfsf', null, 'a.txt', 'D:\\software\\apache-tomcat-8.0.52\\webapps\\citrusmonitor\\WEB_INF\\upload/3/6', '2018-07-01 22:48:01', '16', 'fsdfsfdgdf', 'c.txt', 'D:\\software\\apache-tomcat-8.0.52\\webapps\\citrusmonitor\\WEB_INF\\upload/5/6', '2018-07-01 22:50:50', '1');
INSERT INTO `q_a` VALUES ('3', null, null, 'asd', 'iiiiiii', null, null, null, null, null, null, null, null, null, null);
INSERT INTO `q_a` VALUES ('4', null, null, 'asd', 'iiiiiii', null, null, null, null, null, null, null, null, null, null);
INSERT INTO `q_a` VALUES ('5', null, null, 'asd', 'iiiiiii', null, null, null, null, null, null, null, null, null, null);
INSERT INTO `q_a` VALUES ('597043DFAED34E2CAA25138E910F0B2D', 'abc', null, null, null, null, 'a.txt', 'D:\\software\\apache-tomcat-8.0.52\\webapps\\citrusmonitor\\WEB_INF\\upload/3/6', '2018-07-01 22:00:04', '11', 'dfdfsf', 'b.txt', 'D:\\software\\apache-tomcat-8.0.52\\webapps\\citrusmonitor\\WEB_INF\\upload/4/14', null, '1');
INSERT INTO `q_a` VALUES ('6', null, null, 'asd', 'iiiiiii', null, null, null, null, null, null, null, null, null, null);
INSERT INTO `q_a` VALUES ('7', null, null, 'asd', 'iiiiiii', null, null, null, '2018-06-19 14:29:06', null, null, null, null, null, null);
INSERT INTO `q_a` VALUES ('78F4182B70CC4F68978B9FA8DF635E85', null, null, 'abcdefg', 'haaaaahhhhhhhhhh', 'llllllllll', null, null, null, null, null, null, null, null, null);

-- ----------------------------
-- Table structure for `role`
-- ----------------------------
DROP TABLE IF EXISTS `role`;
CREATE TABLE `role` (
  `id` varchar(45) NOT NULL COMMENT '角色表',
  `name` varchar(45) DEFAULT NULL COMMENT '角色名',
  PRIMARY KEY (`id`)
) ENGINE=InnoDB DEFAULT CHARSET=utf8;

-- ----------------------------
-- Records of role
-- ----------------------------

-- ----------------------------
-- Table structure for `user`
-- ----------------------------
DROP TABLE IF EXISTS `user`;
CREATE TABLE `user` (
  `id` varchar(45) NOT NULL COMMENT '人员管理表编号',
  `username` varchar(45) DEFAULT NULL COMMENT '用户名（账号）',
  `password` varchar(45) DEFAULT NULL COMMENT '登录密码',
  `name` varchar(45) DEFAULT NULL COMMENT '用户姓名',
  `gender` char(2) DEFAULT NULL COMMENT '性别',
  `phone` varchar(45) DEFAULT NULL COMMENT '联系电话',
  `email` varchar(45) DEFAULT NULL COMMENT '邮箱',
  `remark` varchar(45) DEFAULT NULL COMMENT '备注',
  PRIMARY KEY (`id`),
  UNIQUE KEY `username_UNIQUE` (`username`)
) ENGINE=InnoDB DEFAULT CHARSET=utf8;

-- ----------------------------
-- Records of user
-- ----------------------------
INSERT INTO `user` VALUES ('0', 'jun1000', '123', '成君', '男', '15818922646', '943193747@qq.com', null);
INSERT INTO `user` VALUES ('1', 'jun', '123', '成君', '男', '15818922646', '943193747@qq.com', 'hh');
INSERT INTO `user` VALUES ('11', 'jun8', '123', '成君', '男', '15818922646', '943193747@qq.com', null);
INSERT INTO `user` VALUES ('12', 'jun60', '123', '成君', '男', '15818922646', '943193747@qq.com', null);
INSERT INTO `user` VALUES ('13', 'jun800', '123', '成君', '男', '15818922646', '943193747@qq.com', null);
INSERT INTO `user` VALUES ('14', 'jun80', '123', '成君', '男', '15818922646', '943193747@qq.com', null);
INSERT INTO `user` VALUES ('15', 'jun1', '123', '成君', '男', '15818922646', '943193747@qq.com', null);
INSERT INTO `user` VALUES ('16', 'jun900', '123', '成君', '男', '15818922646', '943193747@qq.com', null);
INSERT INTO `user` VALUES ('17', 'jun300', '123', '成君', '男', '15818922646', '943193747@qq.com', null);
INSERT INTO `user` VALUES ('18', 'jun9', '123', '成君', '男', '15818922646', '943193747@qq.com', null);
INSERT INTO `user` VALUES ('19', 'jun2', '123', '成君', '男', '15818922646', '943193747@qq.com', null);
INSERT INTO `user` VALUES ('2', 'jun6', '123', '成君', '男', '15818922646', '943193747@qq.com', null);
INSERT INTO `user` VALUES ('20', 'jun3', '123', '成君', '男', '15818922646', '943193747@qq.com', null);
INSERT INTO `user` VALUES ('21', 'jun500', '123', '成君', '男', '15818922646', '943193747@qq.com', null);
INSERT INTO `user` VALUES ('22', 'jun200', '123', '成君', '男', '15818922646', '943193747@qq.com', null);
INSERT INTO `user` VALUES ('23', 'jun600', '123', '成君', '男', '15818922646', '943193747@qq.com', null);
INSERT INTO `user` VALUES ('24', 'jun70', '123', '成君', '男', '15818922646', '943193747@qq.com', null);
INSERT INTO `user` VALUES ('25', 'jun400', '123', '成君', '男', '15818922646', '943193747@qq.com', null);
INSERT INTO `user` VALUES ('26', '成君', null, '成君', null, null, null, '帅');
INSERT INTO `user` VALUES ('27', 'jun700', '123', '成君', '男', '15818922646', '943193747@qq.com', null);
INSERT INTO `user` VALUES ('28', 'jun7', '123', '成君', '男', '15818922646', '943193747@qq.com', null);
INSERT INTO `user` VALUES ('29', 'jun40', '123', '成君', '男', '15818922646', '943193747@qq.com', null);
INSERT INTO `user` VALUES ('3', 'jun50', '123', '成君', '男', '15818922646', '943193747@qq.com', null);
INSERT INTO `user` VALUES ('4', 'jun90', '123', '成君', '男', '15818922646', '943193747@qq.com', null);
INSERT INTO `user` VALUES ('5', 'jun4', '123', '成君', '男', '15818922646', '943193747@qq.com', null);
INSERT INTO `user` VALUES ('6', 'jun20', '123', '成君', '男', '15818922646', '943193747@qq.com', null);
INSERT INTO `user` VALUES ('7', 'jun30', '123', '成君', '男', '15818922646', '943193747@qq.com', null);
INSERT INTO `user` VALUES ('8', 'jun100', '123', '成君', '男', '15818922646', '943193747@qq.com', null);
INSERT INTO `user` VALUES ('9', 'jun10', '123', '成君', '男', '15818922646', '943193747@qq.com', null);
INSERT INTO `user` VALUES ('E4D544D1EFBA431B966986C83B71EDD1', null, null, '成君', null, null, null, null);
